"entry_id";"child";"parent"
4095;1101;7904
4096;1102;7708
4097;1104;7739
4098;1105;2009
4099;1106;2088
4100;1107;2088
4101;1108;2078
4102;1109;2004
4103;1110;2006
4104;1111;2086
4105;1112;2046
4106;1113;2015
4107;1114;2015
4108;1115;2061
4109;1116;2088
4110;1117;2061
4111;1118;2091
4112;1119;2035
4113;1120;2019
4114;1121;2024
4115;1122;2073
4116;1123;2061
4117;1124;2078
4118;1125;2072
4119;1126;7809
4120;1127;2073
4121;1128;2072
4122;1129;2016
4123;1130;2016
4124;1131;2053
4125;1132;2078
4126;1133;2009
4127;1134;2083
4128;1135;2061
4129;1136;2091
4130;1137;2016
4131;1138;1101
4132;1139;2061
4133;1140;2061
4134;1141;2024
4135;1142;2001
4136;1143;2078
4137;1145;2026
4138;2001;7914
4139;2002;7914
4140;2003;7914
4141;2004;7713
4142;2005;7713
4143;2006;7713
4144;2007;7713
4145;2008;7713
4146;2009;7713
4147;2010;7713
4148;2011;7909
4149;2012;7709
4150;2013;7709
4151;2014;7709
4152;2015;7709
4153;2016;7709
4154;2017;7753
4155;2018;7753
4156;2019;7753
4157;2020;7905
4158;2021;7905
4159;2022;7905
4160;2023;7905
4161;2024;7905
4162;2025;7905
4163;2026;7905
4164;2027;7905
4165;2028;7750
4166;2029;7905
4167;2030;7905
4168;2031;7905
4169;2032;7909
4170;2033;7169
4171;2034;7169
4172;2035;7169
4173;2036;7750
4174;2037;7750
4175;2038;7750
4176;2039;7750
4177;2040;7750
4178;2041;7809
4179;2042;0
4180;2044;7786
4181;2045;7738
4182;2046;7738
4183;2047;7786
4184;2048;7786
4185;2049;7786
4186;2050;7905
4187;2051;0
4188;2052;0
4189;2053;0
4190;2054;0
4191;2055;0
4192;2056;0
4193;2057;7750
4194;2058;0
4195;2059;7809
4196;2060;7750
4197;2061;7750
4198;2062;7809
4199;2063;7809
4200;2064;7809
4201;2065;7809
4202;2066;7708
4203;2068;7708
4204;2069;0
4205;2070;0
4206;2071;0
4207;2072;0
4208;2073;7862
4209;2074;7862
4210;2075;7862
4211;2076;7862
4212;2077;7862
4213;2078;7862
4214;2079;7739
4215;2081;7739
4216;2082;7904
4217;2083;7904
4218;2085;7904
4219;2086;7904
4220;2087;7904
4221;2088;7793
4222;2089;7793
4223;2090;7793
4224;2091;7793
4225;2092;7793
4226;2093;0
4227;2094;0
4228;2095;0
4229;2096;0
4230;2097;0
4231;2098;7709
4232;2099;0
4233;2401;34460
4234;2402;34460
4235;2403;34460
4236;2404;34460
4237;2405;34460
4238;2406;34460
4239;2407;34460
4240;2409;34471
4241;2410;34471
4242;2411;34471
4243;2412;34471
4244;2413;34471
4245;2414;34471
4246;2415;34471
4247;2416;34451
4248;2417;34451
4249;2418;34451
4250;2419;34451
4251;2420;34451
4252;2421;34491
4253;2422;34491
4254;2423;34491
4255;2424;34491
4256;2425;34491
4257;2426;34491
4258;2427;34466
4259;2428;34480
4260;2429;34480
4261;2430;34480
4262;2431;34480
4263;2432;34480
4264;2433;34480
4265;2434;34480
4266;2435;34480
4267;2436;34683
4268;2437;34683
4269;2438;34683
4270;2439;34683
4271;2440;34683
4272;2441;34500
4273;2442;34500
4274;2443;34500
4275;2444;34500
4276;2445;34500
4277;2446;34485
4278;2447;34485
4279;2448;34467
4280;2449;34467
4281;2450;34467
4282;2451;34467
4283;2452;34467
4284;2453;34492
4285;2454;34492
4286;2455;34492
4287;2456;34492
4288;2457;34485
4289;2458;34467
4290;2459;34467
4291;2460;34500
4292;2461;34468
4293;2462;34468
4294;2463;34468
4295;2464;34468
4296;2465;34466
4297;2466;34466
4298;2467;34480
4299;2468;34683
4300;2469;34683
4301;2471;34451
4302;2472;34460
4303;2473;34460
4304;2474;34683
4305;3125;34491
4306;3126;34460
4307;3127;34460
4308;3128;34460
4309;3129;34460
4310;3130;34485
4311;3131;34485
4312;3132;34485
4313;3133;34485
4314;3134;34485
4315;3135;34492
4316;3136;34492
4317;3137;34492
4318;3138;34492
4319;3139;34467
4320;3140;34467
4321;3141;34467
4322;3142;34467
4323;3143;34467
4324;3144;34467
4325;3145;34500
4326;3146;34500
4327;3147;34500
4328;3148;34471
4329;3150;34471
4330;3151;34480
4331;3152;34480
4332;3153;34480
4333;3154;34480
4334;3155;34477
4335;3156;34477
4336;3157;34477
4337;3158;34477
4338;3159;34474
4339;3160;34474
4340;3161;34474
4341;3162;34474
4342;3163;34474
4343;3164;34458
4344;3165;34458
4345;3166;34458
4346;3168;34458
4347;3169;34466
4348;3170;34466
4349;3171;34466
4350;3172;34468
4351;3173;34492
4352;3174;34471
4353;3175;34458
4354;5701;1101
4355;5702;1101
4356;5704;1101
4357;5705;1101
4358;5706;0
4359;5707;0
4360;5710;2017
4361;5711;2017
4362;5712;2017
4363;5713;2017
4364;5716;2083
4365;5717;2083
4366;5718;2086
4367;5719;2086
4368;5720;2086
4369;5723;2006
4370;5724;2046
4371;5725;2046
4372;5726;2046
4373;5728;2035
4374;5730;2009
4375;5733;2016
4376;5734;2016
4377;5738;2088
4378;5739;2088
4379;5742;2088
4380;5743;2088
4381;5744;2073
4382;5746;2073
4383;5748;2073
4384;5749;2026
4385;5755;2026
4386;5758;2053
4387;5763;2061
4388;5769;2019
4389;5770;2019
4390;5772;2001
4391;5773;2091
4392;5774;2001
4393;5776;2098
4394;5777;2098
4395;5778;2098
4396;5779;2004
4397;5780;2059
4398;5781;2004
4399;5782;2004
4400;5783;2059
4401;5784;2059
4402;5785;2059
4403;5786;2059
4404;5787;2008
4405;5788;2064
4406;5790;2035
4407;5791;2059
4408;5794;2024
4409;5795;0
4410;5796;2004
4411;5798;2072
4412;5799;2019
4413;5800;2004
4414;7701;60989
4415;7702;60989
4416;7704;60989
4417;7705;60989
4418;7707;60387
4419;7708;60573
4420;7709;60573
4421;7710;60573
4422;7711;60573
4423;7712;60573
4424;7713;60573
4425;7714;60588
4426;7715;60588
4427;7716;60588
4428;7717;60588
4429;7718;60588
4430;7719;60588
4431;7720;60580
4432;7721;60580
4433;7722;60580
4434;7723;60580
4435;7724;60580
4436;7725;60387
4437;7727;60580
4438;7728;60580
4439;7729;0
4440;7730;0
4441;7731;0
4442;7732;60564
4443;7733;60564
4444;7735;60564
4445;7736;60564
4446;7737;60564
4447;7738;60397
4448;7739;60397
4449;7740;60397
4450;7741;60397
4451;7742;60397
4452;7744;60397
4453;7745;60397
4454;7746;60397
4455;7747;60556
4456;7748;60556
4457;7749;60556
4458;7750;60571
4459;7752;60571
4460;7753;60571
4461;7754;60571
4462;7755;60571
4463;7756;60383
4464;7757;60383
4465;7758;60383
4466;7759;60383
4467;7760;60383
4468;7761;60383
4469;7762;60383
4470;7763;60383
4471;7764;60563
4472;7765;60563
4473;7766;60563
4474;7768;60563
4475;7769;60563
4476;7770;60563
4477;7772;60563
4478;7773;60563
4479;7774;60592
4480;7775;60592
4481;7777;60592
4482;7778;60592
4483;7779;60592
4484;7780;60592
4485;7781;60986
4486;7784;60986
4487;7785;60391
4488;7786;60398
4489;7787;60398
4490;7788;60398
4491;7789;60543
4492;7790;60543
4493;7791;60543
4494;7792;60543
4495;7793;60543
4496;7794;60543
4497;7795;60543
4498;7796;60584
4499;7797;60584
4500;7798;60584
4501;7799;60584
4502;7800;60584
4503;7801;60968
4504;7802;60968
4505;7803;60968
4506;7804;60968
4507;7805;60968
4508;7806;60968
4509;7807;60968
4510;7808;60968
4511;7809;60968
4512;7810;60538
4513;7811;60538
4514;7812;60538
4515;7813;60963
4516;7814;60963
4517;7815;60984
4518;7816;60984
4519;7818;60984
4520;7819;60984
4521;7820;60984
4522;7821;60984
4523;7822;60984
4524;7823;60989
4525;7824;60989
4526;7825;60984
4527;7826;60589
4528;7827;60589
4529;7828;60589
4530;7829;60589
4531;7830;60589
4532;7831;0
4533;7832;0
4534;7833;0
4535;7834;60547
4536;7835;60547
4537;7836;60984
4538;7837;60984
4539;7838;60595
4540;7839;60595
4541;7840;60547
4542;7841;60547
4543;7842;60547
4544;7843;60547
4545;7844;60551
4546;7845;60551
4547;7846;60551
4548;7847;60551
4549;7848;60551
4550;7849;60551
4551;7850;60595
4552;7851;60551
4553;7852;60980
4554;7853;60980
4555;7854;60980
4556;7855;60980
4557;7856;60980
4558;7857;60980
4559;7858;60980
4560;7859;60980
4561;7860;60568
4562;7861;60568
4563;7862;60568
4564;7863;60586
4565;7864;60586
4566;7865;60586
4567;7866;3190
4568;7867;3190
4569;7868;3190
4570;7869;3190
4571;7870;3190
4572;7871;60377
4573;7872;60377
4574;7873;60377
4575;7874;60377
4576;7875;60377
4577;7876;60377
4578;7877;60593
4579;7878;60593
4580;7879;60593
4581;7880;60593
4582;7881;60593
4583;7882;60593
4584;7883;0
4585;7884;0
4586;7885;0
4587;7886;0
4588;7887;0
4589;7888;0
4590;7889;60595
4591;7890;60595
4592;7891;60595
4593;7892;60595
4594;7893;60595
4595;7894;60595
4596;7895;60595
4597;7896;60595
4598;7898;60595
4599;7899;0
4600;7902;60387
4601;7903;60387
4602;7904;60387
4603;7905;60387
4604;7906;60963
4605;7907;60589
4606;11801;22828
4607;11802;22709
4608;11803;22709
4609;11805;22709
4610;11806;22709
4611;11807;22736
4612;11808;22736
4613;11810;22719
4614;11811;22719
4615;11812;22719
4616;11813;22701
4617;11814;2835
4618;11815;2835
4619;11816;22849
4620;11817;22849
4621;11818;22849
4622;11819;22849
4623;11820;22853
4624;11821;22853
4625;11822;22806
4626;11823;22806
4627;11824;22827
4628;11825;22827
4629;11826;22827
4630;11827;22827
4631;11828;22830
4632;11829;22830
4633;11830;22730
4634;11831;22730
4635;11832;22857
4636;11833;22857
4637;11834;22857
4638;11835;22857
4639;11836;22863
4640;11837;22863
4641;11838;22863
4642;11839;22816
4643;11840;22816
4644;11841;22816
4645;11842;22816
4646;11843;22816
4647;11844;22816
4648;11845;22824
4649;11846;22824
4650;11847;22824
4651;11848;22824
4652;11849;22720
4653;11850;22805
4654;11851;22805
4655;11852;22805
4656;11853;22805
4657;11854;22805
4658;11855;22807
4659;11856;22807
4660;11857;22807
4661;11858;22807
4662;11859;22866
4663;11860;22866
4664;11861;22866
4665;11862;22710
4666;11863;22710
4667;11864;22710
4668;11865;22710
4669;11866;22710
4670;11867;22815
4671;11868;22815
4672;11869;22704
4673;11870;22704
4674;11871;22839
4675;11872;22839
4676;11873;22839
4677;11874;22839
4678;11875;22839
4679;11876;22708
4680;11877;22708
4681;11878;22708
4682;11879;22727
4683;11880;22727
4684;11881;22727
4685;11882;22727
4686;11883;22739
4687;11884;22739
4688;11885;22739
4689;11886;22739
4690;11887;22739
4691;11888;22860
4692;11889;22860
4693;11890;22860
4694;11891;22831
4695;11892;22831
4696;11893;22719
4697;11894;22709
4698;11895;22853
4699;11896;22853
4700;11897;22815
4701;11898;22708
4702;11899;22708
4703;11900;22708
4704;11901;22727
4705;11902;22727
4706;11903;22727
4707;11904;22739
4708;11905;22831
4709;11906;22831
4710;11907;22860
4711;11908;22860
4712;11909;22857
4713;11910;22720
4714;11911;22710
4715;11912;22849
4716;11913;22720
4717;11914;22860
4718;22701;2409
4719;22702;2409
4720;22703;3139
4721;22704;2473
4722;22705;2409
4723;22706;3170
4724;22707;2456
4725;22708;3154
4726;22709;2473
4727;22710;3170
4728;22711;3170
4729;22712;2410
4730;22713;3143
4731;22714;3143
4732;22715;2456
4733;22716;3154
4734;22717;2405
4735;22718;2473
4736;22719;3139
4737;22720;3143
4738;22721;3170
4739;22722;2422
4740;22723;2422
4741;22724;2422
4742;22725;2422
4743;22726;2422
4744;22727;2455
4745;22728;2422
4746;22729;3170
4747;22730;2405
4748;22731;3139
4749;22732;3139
4750;22733;2455
4751;22734;3170
4752;22735;3153
4753;22736;3154
4754;22737;3139
4755;22738;2409
4756;22739;2422
4757;22801;2409
4758;22802;2473
4759;22803;2455
4760;22804;0
4761;22805;2473
4762;22806;2403
4763;22807;2473
4764;22808;2403
4765;22809;2403
4766;22810;2403
4767;22812;2403
4768;22813;2410
4769;22814;2409
4770;22815;2410
4771;22816;2406
4772;22817;2446
4773;22819;2410
4774;22820;3154
4775;22821;2455
4776;22822;2455
4777;22823;2455
4778;22824;2410
4779;22825;2468
4780;22826;2446
4781;22827;2456
4782;22828;2403
4783;22829;3153
4784;22830;2468
4785;22831;2405
4786;22832;2456
4787;22833;3153
4788;22834;2440
4789;22835;2456
4790;22836;2422
4791;22837;2422
4792;22838;2410
4793;22839;2409
4794;22840;2410
4795;22841;2410
4796;22842;2468
4797;22843;2446
4798;22845;0
4799;22846;2468
4800;22847;2446
4801;22848;2440
4802;22849;2440
4803;22850;3153
4804;22851;2455
4805;22852;2468
4806;22853;2406
4807;22854;2406
4808;22855;2410
4809;22856;3154
4810;22857;2406
4811;22858;2405
4812;22859;3154
4813;22860;3153
4814;22861;2405
4815;22862;2440
4816;22863;2456
4817;22864;2446
4818;22865;3153
4819;22866;2456
4820;22867;3153
4821;22868;2446
4822;22869;2413
4823;22870;2455
4824;22871;2413
4825;22872;2405
4826;22873;2410
4827;22874;3153
4828;22875;2456
4829;22876;3170
4830;22877;2405
4831;22878;3153
4832;34451;0
4833;34452;0
4834;34453;0
4835;34454;0
4836;34455;0
4837;34456;0
4838;34458;0
4839;34459;0
4840;34460;0
4841;34461;0
4842;34462;0
4843;34463;0
4844;34464;0
4845;34465;0
4846;34466;0
4847;34467;0
4848;34468;0
4849;34469;0
4850;34470;0
4851;34471;0
4852;34472;0
4853;34473;0
4854;34474;0
4855;34475;0
4856;34476;0
4857;34477;0
4858;34478;0
4859;34479;0
4860;34480;0
4861;34481;0
4862;34482;0
4863;34484;0
4864;34485;0
4865;34486;0
4866;34487;0
4867;34488;0
4868;34490;0
4869;34491;0
4870;34492;0
4871;34493;0
4872;34494;0
4873;34495;0
4874;34496;0
4875;34497;0
4876;34498;0
4877;34499;0
4878;34500;0
4879;34599;0
4880;34678;0
4881;34679;0
4882;34680;0
4883;34681;0
4884;34682;0
4885;34683;0
4886;34685;0
4887;34686;0
4888;34687;0
4889;34688;0
4890;34689;0
4891;34690;0
4892;34691;0
4893;34692;0
4894;58801;11880
4895;58802;11880
4896;58803;11880
4897;58804;11880
4898;58805;11839
4899;58806;11839
4900;58807;11839
4901;58808;11839
4902;58809;11839
4903;58810;11839
4904;58811;11912
4905;58812;11912
4906;58813;11912
4907;58814;11912
4908;58815;11832
4909;58816;11832
4910;58817;11832
4911;58818;11832
4912;58819;11832
4913;58820;11863
4914;58821;11863
4915;58822;11863
4916;58823;11863
4917;58824;11863
4918;58825;11858
4919;58826;11858
4920;58827;11858
4921;58828;11858
4922;58829;11858
4923;58830;11858
4924;58831;11864
4925;58832;11864
4926;58833;11864
4927;58834;11864
4928;58835;11864
4929;58836;11864
4930;58837;11873
4931;58838;11873
4932;58839;11873
4933;58840;11873
4934;58841;11873
4935;58842;11873
4936;58843;11832
4937;58844;11858
4938;58845;11893
4939;58846;11893
4940;58847;11893
4941;58848;11893
4942;58849;11893
4943;58850;11893
4944;58851;11815
4945;58852;11815
4946;58853;11815
4947;58854;11815
4948;58855;11815
4949;58856;11826
4950;58857;11826
4951;58858;11826
4952;58859;11826
4953;58860;11826
4954;58861;11826
4955;58862;11854
4956;58863;11854
4957;58864;11854
4958;58865;11854
4959;58866;11854
4960;58867;11854
4961;58868;11883
4962;58869;11883
4963;58870;11883
4964;58871;11883
4965;58872;11883
4966;58873;11906
4967;58874;11906
4968;58875;11906
4969;58876;11906
4970;58877;11906
4971;58878;11806
4972;58879;11806
4973;58880;11806
4974;58881;11806
4975;58882;11889
4976;58883;11889
4977;58884;11889
4978;58885;11889
4979;58886;11889
4980;58887;11889
4981;58888;11805
4982;58889;11805
4983;58890;11805
4984;58891;11805
4985;58892;11805
4986;58893;11805
4987;58894;11815
4988;58895;11815
4989;58896;11815
4990;58897;11815
4991;58898;11815
4992;58899;11815
4993;58900;11826
4994;58901;11826
4995;58902;11826
4996;58903;11826
4997;58904;11856
4998;58905;11856
4999;58906;11856
5000;58907;11856
5001;58908;11856
5002;58909;11877
5003;58910;11877
5004;58911;11877
5005;58912;11877
5006;58913;11877
5007;58914;11877
5008;58915;11854
5009;58916;11854
5010;58917;11854
5011;58918;11854
5012;58919;11854
5013;58920;11854
5014;58921;11867
5015;58922;11867
5016;58923;11867
5017;58924;11867
5018;58925;11867
5019;58926;11803
5020;58927;11803
5021;58928;11803
5022;58929;11803
5023;58930;11887
5024;58931;11887
5025;58932;11887
5026;58933;11887
5027;58934;11887
5028;58935;11811
5029;58936;11811
5030;58937;11811
5031;58938;11811
5032;58939;11811
5033;58940;11873
5034;58941;11873
5035;58942;11873
5036;58943;11873
5037;58944;11873
5038;58945;11873
5039;58946;11832
5040;58947;11815
5041;58948;11906
5042;60376;58823
5043;60377;58823
5044;60378;58823
5045;60379;58823
5046;60380;58935
5047;60381;58852
5048;60382;58852
5049;60383;58852
5050;60384;58852
5051;60385;58852
5052;60386;58909
5053;60387;58909
5054;60388;58909
5055;60389;58909
5056;60390;58909
5057;60391;58895
5058;60392;58895
5059;60393;58895
5060;60394;58895
5061;60395;58895
5062;60396;58895
5063;60397;58849
5064;60398;58849
5065;60399;58849
5066;60400;58849
5067;60534;58909
5068;60535;58825
5069;60536;58825
5070;60537;58825
5071;60538;58880
5072;60539;58880
5073;60540;58880
5074;60542;58886
5075;60543;58886
5076;60544;58886
5077;60545;58882
5078;60546;58882
5079;60547;58882
5080;60548;58882
5081;60549;58825
5082;60550;58825
5083;60551;58825
5084;60552;58825
5085;60553;58882
5086;60554;58882
5087;60555;58882
5088;60556;58947
5089;60557;58947
5090;60558;58947
5091;60559;58805
5092;60560;58805
5093;60561;58919
5094;60562;58809
5095;60563;58809
5096;60564;58809
5097;60565;58947
5098;60566;58947
5099;60567;58845
5100;60568;58845
5101;60569;58845
5102;60570;58845
5103;60571;58845
5104;60573;58886
5105;60574;58886
5106;60576;58886
5107;60577;58886
5108;60578;58843
5109;60579;58919
5110;60580;58919
5111;60581;58919
5112;60582;58919
5113;60583;58919
5114;60584;58919
5115;60585;58880
5116;60586;58863
5117;60587;58863
5118;60588;58852
5119;60589;58852
5120;60591;58852
5121;60592;58882
5122;60593;58809
5123;60594;58809
5124;60595;58809
5125;60596;58809
5126;60597;58900
5127;60598;58936
5128;60599;58823
5129;60600;58823
5130;60787;58801
5131;60788;58801
5132;60789;58801
5133;60790;58801
5134;60791;58801
5135;60961;58845
5136;60963;58858
5137;60964;58936
5138;60966;58947
5139;60967;58811
5140;60968;58811
5141;60969;58919
5142;60970;58919
5143;60971;58843
5144;60972;58843
5145;60974;58843
5146;60975;58843
5147;60976;58843
5148;60977;58843
5149;60978;58895
5150;60979;58895
5151;60980;58895
5152;60981;58895
5153;60982;58900
5154;60983;58900
5155;60984;58900
5156;60985;58900
5157;60986;58935
5158;60987;58935
5159;60988;58935
5160;60989;58935
5161;60990;58935
5162;60991;58935
5163;60992;58935
5164;60993;58935
5165;60995;58845
5166;60996;58845
5167;60997;58909
5168;60998;58909
5169;60999;58909
5170;61000;58909
5171;63476;58886
5172;63477;58886
5173;63478;58936
5174;63479;58843
6142;1101;7735
6143;1102;7910
6144;1104;0
6145;1105;2057
6146;1106;2005
6147;1107;2005
6148;1108;2040
6149;1109;2023
6150;1110;2089
6151;1111;2090
6152;1112;2027
6153;1113;2038
6154;1114;2038
6155;1115;2044
6156;1116;2005
6157;1117;2044
6158;1118;2075
6159;1119;2070
6160;1120;2094
6161;1121;2034
6162;1122;2012
6163;1123;2044
6164;1124;2040
6165;1125;2087
6166;1126;0
6167;1127;2012
6168;1128;2087
6169;1129;2030
6170;1130;2030
6171;1131;2056
6172;1132;2040
6173;1133;2057
6174;1134;2048
6175;1135;2044
6176;1136;2075
6177;1137;2030
6178;1138;2054
6179;1139;2044
6180;1140;2044
6181;1141;2034
6182;1142;2020
6183;1143;2040
6184;1145;2007
6185;2001;7896
6186;2002;7896
6187;2003;7896
6188;2004;7748
6189;2005;7748
6190;2006;7748
6191;2007;7748
6192;2008;7748
6193;2009;7748
6194;2010;7748
6195;2011;0
6196;2012;7907
6197;2013;7907
6198;2014;7907
6199;2015;7907
6200;2016;7907
6201;2017;0
6202;2018;0
6203;2019;0
6204;2020;7754
6205;2021;7754
6206;2022;7754
6207;2023;7754
6208;2024;7754
6209;2025;7754
6210;2026;7754
6211;2027;7754
6212;2028;7872
6213;2029;7754
6214;2030;7754
6215;2031;7754
6216;2032;0
6217;2033;7702
6218;2034;7702
6219;2035;7702
6220;2036;7872
6221;2037;7872
6222;2038;7872
6223;2039;7872
6224;2040;7872
6225;2041;0
6226;2042;0
6227;2044;7749
6228;2045;0
6229;2046;0
6230;2047;7749
6231;2048;7749
6232;2049;7749
6233;2050;7754
6234;2051;7874
6235;2052;7874
6236;2053;7874
6237;2054;7770
6238;2055;7770
6239;2056;7770
6240;2057;7872
6241;2058;7770
6242;2059;7789
6243;2060;7872
6244;2061;7872
6245;2062;7789
6246;2063;7789
6247;2064;7789
6248;2065;7789
6249;2066;7910
6250;2068;7910
6251;2069;7740
6252;2070;7740
6253;2071;7740
6254;2072;7740
6255;2073;7758
6256;2074;7758
6257;2075;7758
6258;2076;7758
6259;2077;7758
6260;2078;7758
6261;2079;0
6262;2081;0
6263;2082;7735
6264;2083;7735
6265;2085;7735
6266;2086;7735
6267;2087;7735
6268;2088;7893
6269;2089;7893
6270;2090;7893
6271;2091;7893
6272;2092;7893
6273;2093;0
6274;2094;0
6275;2095;0
6276;2096;0
6277;2097;0
6278;2098;7907
6279;2099;7874
6280;2401;34472
6281;2402;34472
6282;2403;34472
6283;2404;34472
6284;2405;34472
6285;2406;34472
6286;2407;34472
6287;2409;34488
6288;2410;34488
6289;2411;34488
6290;2412;34488
6291;2413;34488
6292;2414;34488
6293;2415;34488
6294;2416;34495
6295;2417;34495
6296;2418;34495
6297;2419;34495
6298;2420;34495
6299;2421;34469
6300;2422;34469
6301;2423;34469
6302;2424;34469
6303;2425;34469
6304;2426;34469
6305;2427;34453
6306;2428;34473
6307;2429;34473
6308;2430;34473
6309;2431;34473
6310;2432;34473
6311;2433;34473
6312;2434;34473
6313;2435;34473
6314;2436;34490
6315;2437;34490
6316;2438;34490
6317;2439;34490
6318;2440;34490
6319;2441;34462
6320;2442;34462
6321;2443;34462
6322;2444;34462
6323;2445;34462
6324;2446;34691
6325;2447;34691
6326;2448;34484
6327;2449;34484
6328;2450;34484
6329;2451;34484
6330;2452;34484
6331;2453;34465
6332;2454;34465
6333;2455;34465
6334;2456;34465
6335;2457;34691
6336;2458;34484
6337;2459;34484
6338;2460;34462
6339;2461;0
6340;2462;0
6341;2463;0
6342;2464;0
6343;2465;34453
6344;2466;34453
6345;2467;34473
6346;2468;34490
6347;2469;34490
6348;2471;34495
6349;2472;34472
6350;2473;34472
6351;2474;34490
6352;3125;34469
6353;3126;34495
6354;3127;34495
6355;3128;34495
6356;3129;34495
6357;3130;34691
6358;3131;34691
6359;3132;34691
6360;3133;34691
6361;3134;34691
6362;3135;34465
6363;3136;34465
6364;3137;34465
6365;3138;34465
6366;3139;34462
6367;3140;34462
6368;3141;34462
6369;3142;34462
6370;3143;34462
6371;3144;34462
6372;3145;34497
6373;3146;34497
6374;3147;34497
6375;3148;34453
6376;3150;34453
6377;3151;34487
6378;3152;34487
6379;3153;34487
6380;3154;34487
6381;3155;34459
6382;3156;34459
6383;3157;34459
6384;3158;34459
6385;3159;34473
6386;3160;34473
6387;3161;34473
6388;3162;34473
6389;3163;34473
6390;3164;34486
6391;3165;34486
6392;3166;34486
6393;3168;34486
6394;3169;34484
6395;3170;34484
6396;3171;34484
6397;3172;0
6398;3173;34465
6399;3174;34453
6400;3175;34486
6401;5701;2054
6402;5702;2054
6403;5704;2054
6404;5705;2054
6405;5706;0
6406;5707;0
6407;5710;2045
6408;5711;2045
6409;5712;2045
6410;5713;2045
6411;5716;2048
6412;5717;2048
6413;5718;2090
6414;5719;2090
6415;5720;2090
6416;5723;2089
6417;5724;2027
6418;5725;2027
6419;5726;2027
6420;5728;2070
6421;5730;2057
6422;5733;2030
6423;5734;2030
6424;5738;2005
6425;5739;2005
6426;5742;2005
6427;5743;2005
6428;5744;2012
6429;5746;2012
6430;5748;2012
6431;5749;2007
6432;5755;2007
6433;5758;2056
6434;5763;2044
6435;5769;2094
6436;5770;2094
6437;5772;2020
6438;5773;2075
6439;5774;2020
6440;5776;2022
6441;5777;2022
6442;5778;2022
6443;5779;2023
6444;5780;2003
6445;5781;2023
6446;5782;2023
6447;5783;2003
6448;5784;2003
6449;5785;2003
6450;5786;2003
6451;5787;2002
6452;5788;1104
6453;5790;2070
6454;5791;2003
6455;5794;2034
6456;5795;0
6457;5796;2023
6458;5798;2087
6459;5799;2094
6460;5800;2023
6461;7701;60548
6462;7702;60548
6463;7704;60548
6464;7705;60548
6465;7707;60558
6466;7708;60536
6467;7709;60536
6468;7710;60536
6469;7711;60536
6470;7712;60536
6471;7713;60536
6472;7714;63479
6473;7715;63479
6474;7716;63479
6475;7717;63479
6476;7718;63479
6477;7719;63479
6478;7720;60562
6479;7721;60562
6480;7722;60562
6481;7723;60562
6482;7724;60562
6483;7725;60558
6484;7727;60562
6485;7728;60562
6486;7729;0
6487;7730;0
6488;7731;0
6489;7732;60378
6490;7733;60378
6491;7735;60378
6492;7736;60378
6493;7737;60378
6494;7738;60990
6495;7739;60990
6496;7740;60990
6497;7741;60990
6498;7742;60990
6499;7744;60990
6500;7745;60990
6501;7746;60990
6502;7747;60389
6503;7748;60389
6504;7749;60389
6505;7750;60574
6506;7752;60574
6507;7753;60574
6508;7754;60574
6509;7755;60574
6510;7756;60988
6511;7757;60988
6512;7758;60988
6513;7759;60988
6514;7760;60988
6515;7761;60988
6516;7762;60988
6517;7763;60988
6518;7764;60395
6519;7765;60395
6520;7766;60395
6521;7768;60395
6522;7769;60395
6523;7770;60395
6524;7772;60395
6525;7773;60395
6526;7774;60966
6527;7775;60966
6528;7777;60966
6529;7778;60966
6530;7779;60966
6531;7780;60966
6532;7781;60997
6533;7784;60997
6534;7785;60591
6535;7786;60790
6536;7787;60790
6537;7788;60790
6538;7789;60972
6539;7790;60972
6540;7791;60972
6541;7792;60972
6542;7793;60972
6543;7794;60972
6544;7795;60972
6545;7796;60964
6546;7797;60964
6547;7798;60964
6548;7799;60964
6549;7800;60964
6550;7801;60597
6551;7802;60597
6552;7803;60597
6553;7804;60597
6554;7805;60597
6555;7806;60597
6556;7807;60597
6557;7808;60597
6558;7809;60597
6559;7810;60970
6560;7811;60970
6561;7812;60970
6562;7813;60379
6563;7814;60379
6564;7815;60535
6565;7816;60535
6566;7818;60535
6567;7819;60535
6568;7820;60535
6569;7821;60535
6570;7822;60535
6571;7823;60548
6572;7824;60548
6573;7825;60535
6574;7826;60978
6575;7827;60978
6576;7828;60978
6577;7829;60978
6578;7830;60978
6579;7831;0
6580;7832;0
6581;7833;0
6582;7834;60388
6583;7835;60388
6584;7836;60535
6585;7837;60535
6586;7838;60585
6587;7839;60585
6588;7840;60388
6589;7841;60388
6590;7842;60388
6591;7843;60388
6592;7844;60967
6593;7845;60967
6594;7846;60967
6595;7847;60967
6596;7848;60967
6597;7849;60967
6598;7850;60585
6599;7851;60967
6600;7852;60599
6601;7853;60599
6602;7854;60599
6603;7855;60599
6604;7856;60599
6605;7857;60599
6606;7858;60599
6607;7859;60599
6608;7860;60579
6609;7861;60579
6610;7862;60579
6611;7863;69567
6612;7864;69567
6613;7865;69567
6614;7866;60791
6615;7867;60791
6616;7868;60791
6617;7869;60791
6618;7870;60791
6619;7871;60987
6620;7872;60987
6621;7873;60987
6622;7874;60987
6623;7875;60987
6624;7876;60987
6625;7877;60582
6626;7878;60582
6627;7879;60582
6628;7880;60582
6629;7881;60582
6630;7882;60582
6631;7883;60381
6632;7884;60381
6633;7885;60381
6634;7886;60381
6635;7887;60381
6636;7888;60381
6637;7889;60585
6638;7890;60585
6639;7891;60585
6640;7892;60585
6641;7893;60585
6642;7894;60585
6643;7895;60585
6644;7896;60585
6645;7898;60585
6646;7899;0
6647;7902;60558
6648;7903;60558
6649;7904;60558
6650;7905;60558
6651;7906;60379
6652;7907;60978
6653;11801;22869
6654;11802;22705
6655;11803;22705
6656;11805;22705
6657;11806;22705
6658;11807;22834
6659;11808;22834
6660;11810;22723
6661;11811;22723
6662;11812;22723
6663;11813;22823
6664;11814;22728
6665;11815;22728
6666;11816;22721
6667;11817;22721
6668;11818;22721
6669;11819;22721
6670;11820;22874
6671;11821;22874
6672;11822;22729
6673;11823;22729
6674;11824;22812
6675;11825;22812
6676;11826;22812
6677;11827;22812
6678;11828;22722
6679;11829;22722
6680;11830;22852
6681;11831;22852
6682;11832;22803
6683;11833;22803
6684;11834;22803
6685;11835;22803
6686;11836;22737
6687;11837;22737
6688;11838;22737
6689;11839;22846
6690;11840;22846
6691;11841;22846
6692;11842;22846
6693;11843;22846
6694;11844;22846
6695;11845;22706
6696;11846;22706
6697;11847;22706
6698;11848;22706
6699;11849;22725
6700;11850;22715
6701;11851;22715
6702;11852;22715
6703;11853;22715
6704;11854;22715
6705;11855;22732
6706;11856;22732
6707;11857;22732
6708;11858;22732
6709;11859;22714
6710;11860;22714
6711;11861;22714
6712;11862;22817
6713;11863;22817
6714;11864;22817
6715;11865;22817
6716;11866;22817
6717;11867;22810
6718;11868;22810
6719;11869;22840
6720;11870;22840
6721;11871;22711
6722;11872;22711
6723;11873;22711
6724;11874;22711
6725;11875;22711
6726;11876;22870
6727;11877;22870
6728;11878;22870
6729;11879;22718
6730;11880;22718
6731;11881;22718
6732;11882;22718
6733;11883;22821
6734;11884;22821
6735;11885;22821
6736;11886;22821
6737;11887;22821
6738;11888;22837
6739;11889;22837
6740;11890;22837
6741;11891;22735
6742;11892;22735
6743;11893;22723
6744;11894;22705
6745;11895;22874
6746;11896;22874
6747;11897;22810
6748;11898;22870
6749;11899;22870
6750;11900;22870
6751;11901;22718
6752;11902;22718
6753;11903;22718
6754;11904;22821
6755;11905;22735
6756;11906;22735
6757;11907;22837
6758;11908;22837
6759;11909;22803
6760;11910;22725
6761;11911;22817
6762;11912;22721
6763;11913;22725
6764;11914;22837
6765;22701;2472
6766;22702;2472
6767;22703;2454
6768;22704;2426
6769;22705;2472
6770;22706;2425
6771;22707;3148
6772;22708;2471
6773;22709;2426
6774;22710;2425
6775;22711;2425
6776;22712;3152
6777;22713;2457
6778;22714;2457
6779;22715;3148
6780;22716;2471
6781;22717;3145
6782;22718;2426
6783;22719;2454
6784;22720;2457
6785;22721;2425
6786;22722;2401
6787;22723;2401
6788;22724;2401
6789;22725;2401
6790;22726;2401
6791;22727;2412
6792;22728;2401
6793;22729;2425
6794;22730;3145
6795;22731;2454
6796;22732;2454
6797;22733;2412
6798;22734;2425
6799;22735;2469
6800;22736;2471
6801;22737;2454
6802;22738;2472
6803;22739;2401
6804;22801;2472
6805;22802;2426
6806;22803;2412
6807;22804;0
6808;22805;2426
6809;22806;2461
6810;22807;2426
6811;22808;2461
6812;22809;2461
6813;22810;2461
6814;22812;2461
6815;22813;3152
6816;22814;2472
6817;22815;3152
6818;22816;3169
6819;22817;2404
6820;22819;3152
6821;22820;2471
6822;22821;2412
6823;22822;2412
6824;22823;2412
6825;22824;3152
6826;22825;2453
6827;22826;2404
6828;22827;3148
6829;22828;2461
6830;22829;2469
6831;22830;2453
6832;22831;3144
6833;22832;3148
6834;22833;2469
6835;22834;2407
6836;22835;3148
6837;22836;2401
6838;22837;2401
6839;22838;3152
6840;22839;2472
6841;22840;3152
6842;22841;3152
6843;22842;2453
6844;22843;2404
6845;22845;0
6846;22846;2453
6847;22847;2404
6848;22848;2407
6849;22849;2407
6850;22850;2469
6851;22851;2412
6852;22852;2453
6853;22853;3169
6854;22854;3169
6855;22855;3152
6856;22856;2471
6857;22857;3169
6858;22858;3144
6859;22859;2471
6860;22860;2469
6861;22861;3144
6862;22862;2407
6863;22863;3148
6864;22864;2404
6865;22865;2469
6866;22866;3148
6867;22867;2469
6868;22868;2404
6869;22869;2454
6870;22870;2412
6871;22871;2454
6872;22872;3144
6873;22873;3152
6874;22874;2469
6875;22875;3148
6876;22876;2425
6877;22877;3144
6878;22878;2469
6879;34451;0
6880;34452;0
6881;34453;0
6882;34454;0
6883;34455;0
6884;34456;0
6885;34458;0
6886;34459;0
6887;34460;0
6888;34461;0
6889;34462;0
6890;34463;0
6891;34464;0
6892;34465;0
6893;34466;0
6894;34467;0
6895;34468;0
6896;34469;0
6897;34470;0
6898;34471;0
6899;34472;0
6900;34473;0
6901;34474;0
6902;34475;0
6903;34476;0
6904;34477;0
6905;34478;0
6906;34479;0
6907;34480;0
6908;34481;0
6909;34482;0
6910;34484;0
6911;34485;0
6912;34486;0
6913;34487;0
6914;34488;0
6915;34490;0
6916;34491;0
6917;34492;0
6918;34493;0
6919;34494;0
6920;34495;0
6921;34496;0
6922;34497;0
6923;34498;0
6924;34499;0
6925;34500;0
6926;34599;0
6927;34678;0
6928;34679;0
6929;34680;0
6930;34681;0
6931;34682;0
6932;34683;0
6933;34685;0
6934;34686;0
6935;34687;0
6936;34688;0
6937;34689;0
6938;34690;0
6939;34691;0
6940;34692;0
6941;58801;11881
6942;58802;11881
6943;58803;11881
6944;58804;11881
6945;58805;11878
6946;58806;11878
6947;58807;11878
6948;58808;11878
6949;58809;11878
6950;58810;11878
6951;58811;11907
6952;58812;11907
6953;58813;11907
6954;58814;11907
6955;58815;11862
6956;58816;11862
6957;58817;11862
6958;58818;11862
6959;58819;11862
6960;58820;11824
6961;58821;11824
6962;58822;11824
6963;58823;11824
6964;58824;11824
6965;58825;11835
6966;58826;11835
6967;58827;11835
6968;58828;11835
6969;58829;11835
6970;58830;11835
6971;58831;11891
6972;58832;11891
6973;58833;11891
6974;58834;11891
6975;58835;11891
6976;58836;11891
6977;58837;11876
6978;58838;11876
6979;58839;11876
6980;58840;11876
6981;58841;11876
6982;58842;11876
6983;58843;11872
6984;58844;11835
6985;58845;11869
6986;58846;11869
6987;58847;11869
6988;58848;11869
6989;58849;11869
6990;58850;11869
6991;58851;11882
6992;58852;11882
6993;58853;11882
6994;58854;11882
6995;58855;11882
6996;58856;11829
6997;58857;11829
6998;58858;11829
6999;58859;11829
7000;58860;11829
7001;58861;11829
7002;58862;11833
7003;58863;11833
7004;58864;11833
7005;58865;11833
7006;58866;11833
7007;58867;11833
7008;58868;11908
7009;58869;11908
7010;58870;11908
7011;58871;11908
7012;58872;11908
7013;58873;11827
7014;58874;11827
7015;58875;11827
7016;58876;11827
7017;58877;11827
7018;58878;11885
7019;58879;11885
7020;58880;11885
7021;58881;11885
7022;58882;11837
7023;58883;11837
7024;58884;11837
7025;58885;11837
7026;58886;11837
7027;58887;11837
7028;58888;11845
7029;58889;11845
7030;58890;11845
7031;58891;11845
7032;58892;11845
7033;58893;11845
7034;58894;11823
7035;58895;11823
7036;58896;11823
7037;58897;11823
7038;58898;11823
7039;58899;11823
7040;58900;11884
7041;58901;11884
7042;58902;11884
7043;58903;11884
7044;58904;11914
7045;58905;11914
7046;58906;11914
7047;58907;11914
7048;58908;11914
7049;58909;11909
7050;58910;11909
7051;58911;11909
7052;58912;11909
7053;58913;11909
7054;58914;11909
7055;58915;11843
7056;58916;11843
7057;58917;11843
7058;58918;11843
7059;58919;11843
7060;58920;11843
7061;58921;2294
7062;58922;2294
7063;58923;2294
7064;58924;2294
7065;58925;2294
7066;58926;11890
7067;58927;11890
7068;58928;11890
7069;58929;11890
7070;58930;11831
7071;58931;11831
7072;58932;11831
7073;58933;11831
7074;58934;11831
7075;58935;11808
7076;58936;11808
7077;58937;11808
7078;58938;11808
7079;58939;11808
7080;58940;11879
7081;58941;11879
7082;58942;11879
7083;58943;11879
7084;58944;11879
7085;58945;11879
7086;58946;11862
7087;58947;11882
7088;58948;11827
7089;60376;58930
7090;60377;58930
7091;60378;58930
7092;60379;58930
7093;60380;58818
7094;60381;58829
7095;60382;58829
7096;60383;58829
7097;60384;58829
7098;60385;58829
7099;60386;58810
7100;60387;58810
7101;60388;58810
7102;60389;58810
7103;60390;58810
7104;60391;58821
7105;60392;58821
7106;60393;58821
7107;60394;58821
7108;60395;58821
7109;60396;58821
7110;60397;58839
7111;60398;58839
7112;60399;58839
7113;60400;58839
7114;60534;58810
7115;60535;58819
7116;60536;58819
7117;60537;58819
7118;60538;58905
7119;60539;58905
7120;60540;58905
7121;60542;58917
7122;60543;58917
7123;60544;58917
7124;60545;58812
7125;60546;58812
7126;60547;58812
7127;60548;58812
7128;60549;58819
7129;60550;58819
7130;60551;58819
7131;60552;58819
7132;60553;58812
7133;60554;58812
7134;60555;58812
7135;60556;58807
7136;60557;58807
7137;60558;58807
7138;60559;58888
7139;60560;58888
7140;60561;58933
7141;60562;58834
7142;60563;58834
7143;60564;58834
7144;60565;58807
7145;60566;58807
7146;60567;58937
7147;60568;58937
7148;60569;58937
7149;60570;58937
7150;60571;58937
7151;60573;58917
7152;60574;58917
7153;60576;58917
7154;60577;58917
7155;60578;58815
7156;60579;58933
7157;60580;58933
7158;60581;58933
7159;60582;58933
7160;60583;58933
7161;60584;58933
7162;60585;58905
7163;60586;58813
7164;60587;58813
7165;60588;58829
7166;60589;58829
7167;60591;58829
7168;60592;58812
7169;60593;58834
7170;60594;58834
7171;60595;58834
7172;60596;58834
7173;60597;58859
7174;60598;58948
7175;60599;58930
7176;60600;58930
7177;60787;58942
7178;60788;58942
7179;60789;58942
7180;60790;58942
7181;60791;58942
7182;60961;58937
7183;60963;58901
7184;60964;58948
7185;60966;58807
7186;60967;58938
7187;60968;58938
7188;60969;58933
7189;60970;58933
7190;60971;58815
7191;60972;58815
7192;60974;58815
7193;60975;58815
7194;60976;58815
7195;60977;58815
7196;60978;58821
7197;60979;58821
7198;60980;58821
7199;60981;58821
7200;60982;58859
7201;60983;58859
7202;60984;58859
7203;60985;58859
7204;60986;58818
7205;60987;58818
7206;60988;58818
7207;60989;58818
7208;60990;58818
7209;60991;58818
7210;60992;58818
7211;60993;58818
7212;60995;58937
7213;60996;58937
7214;60997;58810
7215;60998;58810
7216;60999;58810
7217;61000;58810
7218;63476;58917
7219;63477;58917
7220;63478;58948
7221;63479;58815
