batchYear,breed,_id,sex,status
2019,RJF,1101,M,U
2019,RJF,1102,M,U
2019,RJF,1104,F,U
2020,RJF,1105,U,A
2020,RJF,1106,U,A
2020,RJF,1107,U,A
2020,RJF,1108,U,A
2020,RJF,1109,U,A
2020,RJF,1110,U,A
2020,RJF,1111,U,A
2020,RJF,1112,U,A
2020,RJF,1113,U,A
2020,RJF,1114,U,A
2020,RJF,1115,U,A
2020,RJF,1116,U,A
2020,RJF,1117,U,A
2020,RJF,1118,U,A
2020,RJF,1119,U,A
2020,RJF,1120,U,A
2020,RJF,1121,U,A
2020,RJF,1122,U,A
2020,RJF,1123,U,A
2020,RJF,1124,U,A
2020,RJF,1125,U,A
2019,RJF,1126,M,U
2020,RJF,1127,U,A
2020,RJF,1128,U,A
2020,RJF,1129,U,A
2020,RJF,1130,U,A
2020,RJF,1131,U,A
2020,RJF,1132,U,A
2020,RJF,1133,U,A
2020,RJF,1134,U,A
2020,RJF,1135,U,A
2020,RJF,1136,U,A
2020,RJF,1137,U,A
2020,RJF,1138,U,A
2020,RJF,1139,U,A
2020,RJF,1140,U,A
2020,RJF,1141,U,A
2020,RJF,1142,U,A
2020,RJF,1143,U,A
2020,RJF,1145,U,A
2019,RJF,2001,M,U
2019,RJF,2002,F,U
2019,RJF,2003,F,U
2019,RJF,2004,M,U
2019,RJF,2005,F,U
2019,RJF,2006,M,U
2019,RJF,2007,F,U
2019,RJF,2008,M,U
2019,RJF,2009,M,U
2019,RJF,2010,U,U
2019,RJF,2011,F,U
2019,RJF,2012,F,U
2019,RJF,2013,F,U
2019,RJF,2014,F,U
2019,RJF,2015,M,U
2019,RJF,2016,M,U
2019,RJF,2017,M,U
2019,RJF,2018,M,U
2019,RJF,2019,M,U
2019,RJF,2020,F,U
2019,RJF,2021,F,U
2019,RJF,2022,F,U
2019,RJF,2023,F,U
2019,RJF,2024,M,U
2019,RJF,2025,U,U
2019,RJF,2026,M,U
2019,RJF,2027,F,U
2019,RJF,2028,U,U
2019,RJF,2029,U,U
2019,RJF,2030,F,U
2019,RJF,2031,U,U
2019,RJF,2032,M,U
2019,RJF,2033,M,U
2019,RJF,2034,F,U
2019,RJF,2035,M,U
2019,RJF,2036,M,U
2019,RJF,2037,U,U
2019,RJF,2038,F,U
2019,RJF,2039,U,U
2019,RJF,2040,F,U
2019,RJF,2041,F,U
2019,RJF,2042,F,U
2019,RJF,2044,F,U
2019,RJF,2045,F,U
2019,RJF,2046,M,U
2019,RJF,2047,M,U
2019,RJF,2048,F,U
2019,RJF,2049,M,U
2019,RJF,2050,U,U
2019,RJF,2051,M,U
2019,RJF,2052,M,U
2019,RJF,2053,M,U
2019,RJF,2054,F,U
2019,RJF,2055,M,U
2019,RJF,2056,F,U
2019,RJF,2057,U,U
2019,RJF,2058,U,U
2019,RJF,2059,M,U
2019,RJF,2060,U,U
2019,RJF,2061,M,U
2019,RJF,2062,M,U
2019,RJF,2063,M,U
2019,RJF,2064,M,U
2019,RJF,2065,F,U
2019,RJF,2066,M,U
2019,RJF,2068,F,U
2019,RJF,2069,F,U
2019,RJF,2070,F,U
2019,RJF,2071,F,U
2019,RJF,2072,M,U
2019,RJF,2073,M,U
2019,RJF,2074,M,U
2019,RJF,2075,F,U
2019,RJF,2076,F,U
2019,RJF,2077,M,U
2019,RJF,2078,M,U
2019,RJF,2079,M,U
2019,RJF,2081,M,U
2019,RJF,2082,F,U
2019,RJF,2083,M,U
2019,RJF,2085,M,U
2019,RJF,2086,M,U
2019,RJF,2087,F,U
2019,RJF,2088,M,U
2019,RJF,2089,F,U
2019,RJF,2090,F,U
2019,RJF,2091,M,U
2019,RJF,2092,F,U
2019,RJF,2093,F,U
2019,RJF,2094,F,U
2019,RJF,2095,F,U
2019,RJF,2096,M,U
2019,RJF,2097,M,U
2019,RJF,2098,M,U
2019,RJF,2099,U,U
2012,RJF,2401,F,U
2012,RJF,2402,U,U
2012,RJF,2403,M,U
2012,RJF,2404,F,U
2012,RJF,2405,M,U
2012,RJF,2406,M,U
2012,RJF,2407,F,U
2012,RJF,2409,M,U
2012,RJF,2410,M,U
2012,RJF,2411,U,U
2012,RJF,2412,F,U
2012,RJF,2413,M,U
2012,RJF,2414,U,U
2012,RJF,2415,U,U
2012,RJF,2416,U,U
2012,RJF,2417,U,U
2012,RJF,2418,U,U
2012,RJF,2419,U,U
2012,RJF,2420,U,U
2012,RJF,2421,U,U
2012,RJF,2422,M,U
2012,RJF,2423,U,U
2012,RJF,2424,U,U
2012,RJF,2425,F,U
2012,RJF,2426,F,U
2012,RJF,2427,U,U
2012,RJF,2428,U,U
2012,RJF,2429,U,U
2012,RJF,2430,U,U
2012,RJF,2431,U,U
2012,RJF,2432,U,U
2012,RJF,2433,U,U
2012,RJF,2434,U,U
2012,RJF,2435,U,U
2012,RJF,2436,U,U
2012,RJF,2437,U,U
2012,RJF,2438,U,U
2012,RJF,2439,U,U
2012,RJF,2440,M,U
2012,RJF,2441,U,U
2012,RJF,2442,U,U
2012,RJF,2443,U,U
2012,RJF,2444,U,U
2012,RJF,2445,U,U
2012,RJF,2446,M,U
2012,RJF,2447,U,U
2012,RJF,2448,U,U
2012,RJF,2449,U,U
2012,RJF,2450,U,U
2012,RJF,2451,U,U
2012,RJF,2452,U,U
2012,RJF,2453,F,U
2012,RJF,2454,F,U
2012,RJF,2455,M,U
2012,RJF,2456,M,U
2012,RJF,2457,F,U
2012,RJF,2458,U,U
2012,RJF,2459,U,U
2012,RJF,2460,U,U
2012,RJF,2461,F,U
2012,RJF,2462,U,U
2012,RJF,2463,U,U
2012,RJF,2464,U,U
2012,RJF,2465,U,U
2012,RJF,2466,U,U
2012,RJF,2467,U,U
2012,RJF,2468,M,U
2012,RJF,2469,F,U
2012,RJF,2471,F,U
2012,RJF,2472,F,U
2012,RJF,2473,M,U
2012,RJF,2474,U,U
2012,RJF,3125,U,U
2012,RJF,3126,U,U
2012,RJF,3127,U,U
2012,RJF,3128,U,U
2012,RJF,3129,U,U
2012,RJF,3130,U,U
2012,RJF,3131,U,U
2012,RJF,3132,U,U
2012,RJF,3133,U,U
2012,RJF,3134,U,U
2012,RJF,3135,U,U
2012,RJF,3136,U,U
2012,RJF,3137,U,U
2012,RJF,3138,U,U
2012,RJF,3139,M,U
2012,RJF,3140,U,U
2012,RJF,3141,U,U
2012,RJF,3142,U,U
2012,RJF,3143,M,U
2012,RJF,3144,F,U
2012,RJF,3145,F,U
2012,RJF,3146,U,U
2012,RJF,3147,U,U
2012,RJF,3148,F,U
2012,RJF,3150,U,U
2012,RJF,3151,U,U
2012,RJF,3152,F,U
2012,RJF,3153,M,U
2012,RJF,3154,M,U
2012,RJF,3155,U,U
2012,RJF,3156,U,U
2012,RJF,3157,U,U
2012,RJF,3158,U,U
2012,RJF,3159,U,U
2012,RJF,3160,U,U
2012,RJF,3161,U,U
2012,RJF,3162,U,U
2012,RJF,3163,U,U
2012,RJF,3164,U,U
2012,RJF,3165,U,U
2012,RJF,3166,U,U
2012,RJF,3168,U,U
2012,RJF,3169,F,U
2012,RJF,3170,M,U
2012,RJF,3171,U,U
2012,RJF,3172,U,U
2012,RJF,3173,U,U
2012,RJF,3174,U,U
2012,RJF,3175,U,U
2020,RJF,5701,U,A
2020,RJF,5702,U,A
2020,RJF,5704,U,A
2020,RJF,5705,U,A
2020,RJF,5706,U,A
2020,RJF,5707,U,A
2020,RJF,5710,U,A
2020,RJF,5711,U,A
2020,RJF,5712,U,A
2020,RJF,5713,U,A
2020,RJF,5716,U,A
2020,RJF,5717,U,A
2020,RJF,5718,U,A
2020,RJF,5719,U,A
2020,RJF,5720,U,A
2020,RJF,5723,U,A
2020,RJF,5724,U,A
2020,RJF,5725,U,A
2020,RJF,5726,U,A
2020,RJF,5728,U,A
2020,RJF,5730,U,A
2020,RJF,5733,U,A
2020,RJF,5734,U,A
2020,RJF,5738,U,A
2020,RJF,5739,U,A
2020,RJF,5742,U,A
2020,RJF,5743,U,A
2020,RJF,5744,U,A
2020,RJF,5746,U,A
2020,RJF,5748,U,A
2020,RJF,5749,U,A
2020,RJF,5755,U,A
2020,RJF,5758,U,A
2020,RJF,5763,U,A
2020,RJF,5769,U,A
2020,RJF,5770,U,A
2020,RJF,5772,U,A
2020,RJF,5773,U,A
2020,RJF,5774,U,A
2020,RJF,5776,U,A
2020,RJF,5777,U,A
2020,RJF,5778,U,A
2020,RJF,5779,U,A
2020,RJF,5780,U,A
2020,RJF,5781,U,A
2020,RJF,5782,U,A
2020,RJF,5783,U,A
2020,RJF,5784,U,A
2020,RJF,5785,U,A
2020,RJF,5786,U,A
2020,RJF,5787,U,A
2020,RJF,5788,U,A
2020,RJF,5790,U,A
2020,RJF,5791,U,A
2020,RJF,5794,U,A
2020,RJF,5795,U,A
2020,RJF,5796,U,A
2020,RJF,5798,U,A
2020,RJF,5799,U,A
2020,RJF,5800,U,A
2017,RJF,7701,U,U
2017,RJF,7702,F,U
2017,RJF,7704,U,U
2017,RJF,7705,U,U
2017,RJF,7707,U,U
2017,RJF,7708,M,U
2017,RJF,7709,M,U
2017,RJF,7710,U,U
2017,RJF,7711,U,U
2017,RJF,7712,U,U
2017,RJF,7713,M,U
2017,RJF,7714,U,U
2017,RJF,7715,U,U
2017,RJF,7716,U,U
2017,RJF,7717,U,U
2017,RJF,7718,U,U
2017,RJF,7719,U,U
2017,RJF,7720,U,U
2017,RJF,7721,U,U
2017,RJF,7722,U,U
2017,RJF,7723,U,U
2017,RJF,7724,U,U
2017,RJF,7725,U,U
2017,RJF,7727,U,U
2017,RJF,7728,U,U
2017,RJF,7729,U,U
2017,RJF,7730,U,U
2017,RJF,7731,U,U
2017,RJF,7732,U,U
2017,RJF,7733,U,U
2017,RJF,7735,F,U
2017,RJF,7736,U,U
2017,RJF,7737,U,U
2017,RJF,7738,M,U
2017,RJF,7739,M,U
2017,RJF,7740,F,U
2017,RJF,7741,U,U
2017,RJF,7742,U,U
2017,RJF,7744,U,U
2017,RJF,7745,U,U
2017,RJF,7746,U,U
2017,RJF,7747,U,U
2017,RJF,7748,F,U
2017,RJF,7749,F,U
2017,RJF,7750,M,U
2017,RJF,7752,U,U
2017,RJF,7753,M,U
2017,RJF,7754,F,U
2017,RJF,7755,U,U
2017,RJF,7756,U,U
2017,RJF,7757,U,U
2017,RJF,7758,F,U
2017,RJF,7759,U,U
2017,RJF,7760,U,U
2017,RJF,7761,U,U
2017,RJF,7762,U,U
2017,RJF,7763,U,U
2017,RJF,7764,U,U
2017,RJF,7765,U,U
2017,RJF,7766,U,U
2017,RJF,7768,U,U
2017,RJF,7769,U,U
2017,RJF,7770,F,U
2017,RJF,7772,U,U
2017,RJF,7773,U,U
2017,RJF,7774,U,U
2017,RJF,7775,U,U
2017,RJF,7777,U,U
2017,RJF,7778,U,U
2017,RJF,7779,U,U
2017,RJF,7780,U,U
2017,RJF,7781,U,U
2017,RJF,7784,U,U
2017,RJF,7785,U,U
2017,RJF,7786,M,U
2017,RJF,7787,U,U
2017,RJF,7788,U,U
2017,RJF,7789,F,U
2017,RJF,7790,U,U
2017,RJF,7791,U,U
2017,RJF,7792,U,U
2017,RJF,7793,M,U
2017,RJF,7794,U,U
2017,RJF,7795,U,U
2017,RJF,7796,U,U
2017,RJF,7797,U,U
2017,RJF,7798,U,U
2017,RJF,7799,U,U
2017,RJF,7800,U,U
2017,RJF,7801,U,U
2017,RJF,7802,U,U
2017,RJF,7803,U,U
2017,RJF,7804,U,U
2017,RJF,7805,U,U
2017,RJF,7806,U,U
2017,RJF,7807,U,U
2017,RJF,7808,U,U
2017,RJF,7809,M,U
2017,RJF,7810,U,U
2017,RJF,7811,U,U
2017,RJF,7812,U,U
2017,RJF,7813,U,U
2017,RJF,7814,U,U
2017,RJF,7815,U,U
2017,RJF,7816,U,U
2017,RJF,7818,U,U
2017,RJF,7819,U,U
2017,RJF,7820,U,U
2017,RJF,7821,U,U
2017,RJF,7822,U,U
2017,RJF,7823,U,U
2017,RJF,7824,U,U
2017,RJF,7825,U,U
2017,RJF,7826,U,U
2017,RJF,7827,U,U
2017,RJF,7828,U,U
2017,RJF,7829,U,U
2017,RJF,7830,U,U
2017,RJF,7831,U,U
2017,RJF,7832,U,U
2017,RJF,7833,U,U
2017,RJF,7834,U,U
2017,RJF,7835,U,U
2017,RJF,7836,U,U
2017,RJF,7837,U,U
2017,RJF,7838,U,U
2017,RJF,7839,U,U
2017,RJF,7840,U,U
2017,RJF,7841,U,U
2017,RJF,7842,U,U
2017,RJF,7843,U,U
2017,RJF,7844,U,U
2017,RJF,7845,U,U
2017,RJF,7846,U,U
2017,RJF,7847,U,U
2017,RJF,7848,U,U
2017,RJF,7849,U,U
2017,RJF,7850,U,U
2017,RJF,7851,U,U
2017,RJF,7852,U,U
2017,RJF,7853,U,U
2017,RJF,7854,U,U
2017,RJF,7855,U,U
2017,RJF,7856,U,U
2017,RJF,7857,U,U
2017,RJF,7858,U,U
2017,RJF,7859,U,U
2017,RJF,7860,U,U
2017,RJF,7861,U,U
2017,RJF,7862,M,U
2017,RJF,7863,U,U
2017,RJF,7864,U,U
2017,RJF,7865,U,U
2017,RJF,7866,U,U
2017,RJF,7867,U,U
2017,RJF,7868,U,U
2017,RJF,7869,U,U
2017,RJF,7870,U,U
2017,RJF,7871,U,U
2017,RJF,7872,F,U
2017,RJF,7873,U,U
2017,RJF,7874,F,U
2017,RJF,7875,U,U
2017,RJF,7876,U,U
2017,RJF,7877,U,U
2017,RJF,7878,U,U
2017,RJF,7879,U,U
2017,RJF,7880,U,U
2017,RJF,7881,U,U
2017,RJF,7882,U,U
2017,RJF,7883,U,U
2017,RJF,7884,U,U
2017,RJF,7885,U,U
2017,RJF,7886,U,U
2017,RJF,7887,U,U
2017,RJF,7888,U,U
2017,RJF,7889,U,U
2017,RJF,7890,U,U
2017,RJF,7891,U,U
2017,RJF,7892,U,U
2017,RJF,7893,F,U
2017,RJF,7894,U,U
2017,RJF,7895,U,U
2017,RJF,7896,F,U
2017,RJF,7898,U,U
2017,RJF,7899,U,U
2017,RJF,7902,U,U
2017,RJF,7903,U,U
2017,RJF,7904,M,U
2017,RJF,7905,M,U
2017,RJF,7906,U,U
2017,RJF,7907,F,U
2014,RJF,11801,U,U
2014,RJF,11802,U,U
2014,RJF,11803,M,U
2014,RJF,11805,M,U
2014,RJF,11806,M,U
2014,RJF,11807,U,U
2014,RJF,11808,F,U
2014,RJF,11810,U,U
2014,RJF,11811,M,U
2014,RJF,11812,U,U
2014,RJF,11813,U,U
2014,RJF,11814,U,U
2014,RJF,11815,M,U
2014,RJF,11816,U,U
2014,RJF,11817,U,U
2014,RJF,11818,U,U
2014,RJF,11819,U,U
2014,RJF,11820,U,U
2014,RJF,11821,U,U
2014,RJF,11822,U,U
2014,RJF,11823,F,U
2014,RJF,11824,F,U
2014,RJF,11825,U,U
2014,RJF,11826,M,U
2014,RJF,11827,F,U
2014,RJF,11828,U,U
2014,RJF,11829,F,U
2014,RJF,11830,U,U
2014,RJF,11831,F,U
2014,RJF,11832,M,U
2014,RJF,11833,F,U
2014,RJF,11834,U,U
2014,RJF,11835,F,U
2014,RJF,11836,U,U
2014,RJF,11837,F,U
2014,RJF,11838,U,U
2014,RJF,11839,M,U
2014,RJF,11840,U,U
2014,RJF,11841,U,U
2014,RJF,11842,U,U
2014,RJF,11843,F,U
2014,RJF,11844,U,U
2014,RJF,11845,F,U
2014,RJF,11846,U,U
2014,RJF,11847,U,U
2014,RJF,11848,U,U
2014,RJF,11849,U,U
2014,RJF,11850,U,U
2014,RJF,11851,U,U
2014,RJF,11852,U,U
2014,RJF,11853,U,U
2014,RJF,11854,M,U
2014,RJF,11855,U,U
2014,RJF,11856,M,U
2014,RJF,11857,U,U
2014,RJF,11858,M,U
2014,RJF,11859,U,U
2014,RJF,11860,U,U
2014,RJF,11861,U,U
2014,RJF,11862,F,U
2014,RJF,11863,M,U
2014,RJF,11864,M,U
2014,RJF,11865,U,U
2014,RJF,11866,U,U
2014,RJF,11867,M,U
2014,RJF,11868,U,U
2014,RJF,11869,F,U
2014,RJF,11870,U,U
2014,RJF,11871,U,U
2014,RJF,11872,F,U
2014,RJF,11873,M,U
2014,RJF,11874,U,U
2014,RJF,11875,U,U
2014,RJF,11876,F,U
2014,RJF,11877,M,U
2014,RJF,11878,F,U
2014,RJF,11879,F,U
2014,RJF,11880,M,U
2014,RJF,11881,F,U
2014,RJF,11882,F,U
2014,RJF,11883,M,U
2014,RJF,11884,F,U
2014,RJF,11885,F,U
2014,RJF,11886,U,U
2014,RJF,11887,M,U
2014,RJF,11888,U,U
2014,RJF,11889,M,U
2014,RJF,11890,F,U
2014,RJF,11891,F,U
2014,RJF,11892,U,U
2014,RJF,11893,M,U
2014,RJF,11894,U,U
2014,RJF,11895,U,U
2014,RJF,11896,U,U
2014,RJF,11897,U,U
2014,RJF,11898,U,U
2014,RJF,11899,U,U
2014,RJF,11900,U,U
2014,RJF,11901,U,U
2014,RJF,11902,U,U
2014,RJF,11903,U,U
2014,RJF,11904,U,U
2014,RJF,11905,U,U
2014,RJF,11906,M,U
2014,RJF,11907,F,U
2014,RJF,11908,F,U
2014,RJF,11909,F,U
2014,RJF,11910,U,U
2014,RJF,11911,U,U
2014,RJF,11912,M,U
2014,RJF,11913,U,U
2014,RJF,11914,F,U
2013,RJF,22701,M,U
2013,RJF,22702,U,U
2013,RJF,22703,U,U
2013,RJF,22704,M,U
2013,RJF,22705,F,U
2013,RJF,22706,F,U
2013,RJF,22707,U,U
2013,RJF,22708,M,U
2013,RJF,22709,M,U
2013,RJF,22710,M,U
2013,RJF,22711,F,U
2013,RJF,22712,U,U
2013,RJF,22713,U,U
2013,RJF,22714,F,U
2013,RJF,22715,F,U
2013,RJF,22716,U,U
2013,RJF,22717,U,U
2013,RJF,22718,F,U
2013,RJF,22719,M,U
2013,RJF,22720,M,U
2013,RJF,22721,F,U
2013,RJF,22722,F,U
2013,RJF,22723,F,U
2013,RJF,22724,U,U
2013,RJF,22725,F,U
2013,RJF,22726,U,U
2013,RJF,22727,M,U
2013,RJF,22728,F,U
2013,RJF,22729,F,U
2013,RJF,22730,M,U
2013,RJF,22731,U,U
2013,RJF,22732,F,U
2013,RJF,22733,U,U
2013,RJF,22734,U,U
2013,RJF,22735,F,U
2013,RJF,22736,M,U
2013,RJF,22737,F,U
2013,RJF,22738,U,U
2013,RJF,22739,M,U
2013,RJF,22801,U,U
2013,RJF,22802,U,U
2013,RJF,22803,F,U
2013,RJF,22804,U,U
2013,RJF,22805,M,U
2013,RJF,22806,M,U
2013,RJF,22807,M,U
2013,RJF,22808,U,U
2013,RJF,22809,U,U
2013,RJF,22810,F,U
2013,RJF,22812,F,U
2013,RJF,22813,U,U
2013,RJF,22814,U,U
2013,RJF,22815,M,U
2013,RJF,22816,M,U
2013,RJF,22817,F,U
2013,RJF,22819,U,U
2013,RJF,22820,U,U
2013,RJF,22821,F,U
2013,RJF,22822,U,U
2013,RJF,22823,F,U
2013,RJF,22824,M,U
2013,RJF,22825,U,U
2013,RJF,22826,U,U
2013,RJF,22827,M,U
2013,RJF,22828,M,U
2013,RJF,22829,U,U
2013,RJF,22830,M,U
2013,RJF,22831,M,U
2013,RJF,22832,U,U
2013,RJF,22833,U,U
2013,RJF,22834,F,U
2013,RJF,22835,U,U
2013,RJF,22836,U,U
2013,RJF,22837,F,U
2013,RJF,22838,U,U
2013,RJF,22839,M,U
2013,RJF,22840,F,U
2013,RJF,22841,U,U
2013,RJF,22842,U,U
2013,RJF,22843,U,U
2013,RJF,22845,U,U
2013,RJF,22846,F,U
2013,RJF,22847,U,U
2013,RJF,22848,U,U
2013,RJF,22849,M,U
2013,RJF,22850,U,U
2013,RJF,22851,U,U
2013,RJF,22852,F,U
2013,RJF,22853,M,U
2013,RJF,22854,U,U
2013,RJF,22855,U,U
2013,RJF,22856,U,U
2013,RJF,22857,M,U
2013,RJF,22858,U,U
2013,RJF,22859,U,U
2013,RJF,22860,M,U
2013,RJF,22861,U,U
2013,RJF,22862,U,U
2013,RJF,22863,M,U
2013,RJF,22864,U,U
2013,RJF,22865,U,U
2013,RJF,22866,M,U
2013,RJF,22867,U,U
2013,RJF,22868,U,U
2013,RJF,22869,F,U
2013,RJF,22870,F,U
2013,RJF,22871,U,U
2013,RJF,22872,U,U
2013,RJF,22873,U,U
2013,RJF,22874,F,U
2013,RJF,22875,U,U
2013,RJF,22876,U,U
2013,RJF,22877,U,U
2013,RJF,22878,U,U
2011,RJF,34451,M,U
2011,RJF,34452,U,U
2011,RJF,34453,F,U
2011,RJF,34454,U,U
2011,RJF,34455,U,U
2011,RJF,34456,U,U
2011,RJF,34458,M,U
2011,RJF,34459,F,U
2011,RJF,34460,M,U
2011,RJF,34461,U,U
2011,RJF,34462,F,U
2011,RJF,34463,U,U
2011,RJF,34464,U,U
2011,RJF,34465,F,U
2011,RJF,34466,M,U
2011,RJF,34467,M,U
2011,RJF,34468,M,U
2011,RJF,34469,F,U
2011,RJF,34470,U,U
2011,RJF,34471,M,U
2011,RJF,34472,F,U
2011,RJF,34473,F,U
2011,RJF,34474,M,U
2011,RJF,34475,U,U
2011,RJF,34476,U,U
2011,RJF,34477,M,U
2011,RJF,34478,U,U
2011,RJF,34479,U,U
2011,RJF,34480,M,U
2011,RJF,34481,U,U
2011,RJF,34482,U,U
2011,RJF,34484,F,U
2011,RJF,34485,M,U
2011,RJF,34486,F,U
2011,RJF,34487,F,U
2011,RJF,34488,F,U
2011,RJF,34490,F,U
2011,RJF,34491,M,U
2011,RJF,34492,M,U
2011,RJF,34493,U,U
2011,RJF,34494,U,U
2011,RJF,34495,F,U
2011,RJF,34496,U,U
2011,RJF,34497,F,U
2011,RJF,34498,U,U
2011,RJF,34499,U,U
2011,RJF,34500,M,U
2013,RJF,34599,U,U
2011,RJF,34678,U,U
2011,RJF,34679,U,U
2011,RJF,34680,U,U
2011,RJF,34681,U,U
2011,RJF,34682,U,U
2011,RJF,34683,M,U
2011,RJF,34685,U,U
2011,RJF,34686,U,U
2011,RJF,34687,U,U
2011,RJF,34688,U,U
2011,RJF,34689,U,U
2011,RJF,34690,U,U
2011,RJF,34691,F,U
2011,RJF,34692,U,U
2015,RJF,58801,M,U
2015,RJF,58802,U,U
2015,RJF,58803,U,U
2015,RJF,58804,U,U
2015,RJF,58805,M,U
2015,RJF,58806,U,U
2015,RJF,58807,F,U
2015,RJF,58808,U,U
2015,RJF,58809,M,U
2015,RJF,58810,F,U
2015,RJF,58811,M,U
2015,RJF,58812,F,U
2015,RJF,58813,F,U
2015,RJF,58814,U,U
2015,RJF,58815,F,U
2015,RJF,58816,U,U
2015,RJF,58817,U,U
2015,RJF,58818,F,U
2015,RJF,58819,F,U
2015,RJF,58820,U,U
2015,RJF,58821,F,U
2015,RJF,58822,U,U
2015,RJF,58823,M,U
2015,RJF,58824,U,U
2015,RJF,58825,M,U
2015,RJF,58826,U,U
2015,RJF,58827,U,U
2015,RJF,58828,U,U
2015,RJF,58829,F,U
2015,RJF,58830,U,U
2015,RJF,58831,U,U
2015,RJF,58832,U,U
2015,RJF,58833,U,U
2015,RJF,58834,F,U
2015,RJF,58835,U,U
2015,RJF,58836,U,U
2015,RJF,58837,U,U
2015,RJF,58838,U,U
2015,RJF,58839,F,U
2015,RJF,58840,U,U
2015,RJF,58841,U,U
2015,RJF,58842,U,U
2015,RJF,58843,M,U
2015,RJF,58844,U,U
2015,RJF,58845,M,U
2015,RJF,58846,U,U
2015,RJF,58847,U,U
2015,RJF,58848,U,U
2015,RJF,58849,M,U
2015,RJF,58850,U,U
2015,RJF,58851,U,U
2015,RJF,58852,M,U
2015,RJF,58853,U,U
2015,RJF,58854,U,U
2015,RJF,58855,U,U
2015,RJF,58856,U,U
2015,RJF,58857,U,U
2015,RJF,58858,M,U
2015,RJF,58859,F,U
2015,RJF,58860,U,U
2015,RJF,58861,U,U
2015,RJF,58862,U,U
2015,RJF,58863,M,U
2015,RJF,58864,U,U
2015,RJF,58865,U,U
2015,RJF,58866,U,U
2015,RJF,58867,U,U
2015,RJF,58868,U,U
2015,RJF,58869,U,U
2015,RJF,58870,U,U
2015,RJF,58871,U,U
2015,RJF,58872,U,U
2015,RJF,58873,U,U
2015,RJF,58874,U,U
2015,RJF,58875,U,U
2015,RJF,58876,U,U
2015,RJF,58877,U,U
2015,RJF,58878,U,U
2015,RJF,58879,U,U
2015,RJF,58880,M,U
2015,RJF,58881,U,U
2015,RJF,58882,M,U
2015,RJF,58883,U,U
2015,RJF,58884,U,U
2015,RJF,58885,U,U
2015,RJF,58886,M,U
2015,RJF,58887,U,U
2015,RJF,58888,F,U
2015,RJF,58889,U,U
2015,RJF,58890,U,U
2015,RJF,58891,U,U
2015,RJF,58892,U,U
2015,RJF,58893,U,U
2015,RJF,58894,U,U
2015,RJF,58895,M,U
2015,RJF,58896,U,U
2015,RJF,58897,U,U
2015,RJF,58898,U,U
2015,RJF,58899,U,U
2015,RJF,58900,M,U
2015,RJF,58901,F,U
2015,RJF,58902,U,U
2015,RJF,58903,U,U
2015,RJF,58904,U,U
2015,RJF,58905,F,U
2015,RJF,58906,U,U
2015,RJF,58907,U,U
2015,RJF,58908,U,U
2015,RJF,58909,M,U
2015,RJF,58910,U,U
2015,RJF,58911,U,U
2015,RJF,58912,U,U
2015,RJF,58913,U,U
2015,RJF,58914,U,U
2015,RJF,58915,U,U
2015,RJF,58916,U,U
2015,RJF,58917,F,U
2015,RJF,58918,U,U
2015,RJF,58919,M,U
2015,RJF,58920,U,U
2015,RJF,58921,U,U
2015,RJF,58922,U,U
2015,RJF,58923,U,U
2015,RJF,58924,U,U
2015,RJF,58925,U,U
2015,RJF,58926,U,U
2015,RJF,58927,U,U
2015,RJF,58928,U,U
2015,RJF,58929,U,U
2015,RJF,58930,F,U
2015,RJF,58931,U,U
2015,RJF,58932,U,U
2015,RJF,58933,F,U
2015,RJF,58934,U,U
2015,RJF,58935,M,U
2015,RJF,58936,M,U
2015,RJF,58937,F,U
2015,RJF,58938,F,U
2015,RJF,58939,U,U
2015,RJF,58940,U,U
2015,RJF,58941,U,U
2015,RJF,58942,F,U
2015,RJF,58943,U,U
2015,RJF,58944,U,U
2015,RJF,58945,U,U
2015,RJF,58946,U,U
2015,RJF,58947,M,U
2015,RJF,58948,F,U
2016,RJF,60376,U,U
2016,RJF,60377,M,U
2016,RJF,60378,F,U
2016,RJF,60379,F,U
2016,RJF,60380,U,U
2016,RJF,60381,F,U
2016,RJF,60382,U,U
2016,RJF,60383,M,U
2016,RJF,60384,U,U
2016,RJF,60385,U,U
2016,RJF,60386,U,U
2016,RJF,60387,M,U
2016,RJF,60388,F,U
2016,RJF,60389,F,U
2016,RJF,60390,U,U
2016,RJF,60391,M,U
2016,RJF,60392,U,U
2016,RJF,60393,U,U
2016,RJF,60394,U,U
2016,RJF,60395,F,U
2016,RJF,60396,U,U
2016,RJF,60397,M,U
2016,RJF,60398,M,U
2016,RJF,60399,U,U
2016,RJF,60400,U,U
2016,RJF,60534,U,U
2016,RJF,60535,F,U
2016,RJF,60536,F,U
2016,RJF,60537,U,U
2016,RJF,60538,M,U
2016,RJF,60539,U,U
2016,RJF,60540,U,U
2016,RJF,60542,U,U
2016,RJF,60543,M,U
2016,RJF,60544,U,U
2016,RJF,60545,U,U
2016,RJF,60546,U,U
2016,RJF,60547,M,U
2016,RJF,60548,F,U
2016,RJF,60549,U,U
2016,RJF,60550,U,U
2016,RJF,60551,M,U
2016,RJF,60552,U,U
2016,RJF,60553,U,U
2016,RJF,60554,U,U
2016,RJF,60555,U,U
2016,RJF,60556,M,U
2016,RJF,60557,U,U
2016,RJF,60558,F,U
2016,RJF,60559,U,U
2016,RJF,60560,U,U
2016,RJF,60561,U,U
2016,RJF,60562,F,U
2016,RJF,60563,M,U
2016,RJF,60564,M,U
2016,RJF,60565,U,U
2016,RJF,60566,U,U
2016,RJF,60567,U,U
2016,RJF,60568,M,U
2016,RJF,60569,U,U
2016,RJF,60570,U,U
2016,RJF,60571,M,U
2016,RJF,60573,M,U
2016,RJF,60574,F,U
2016,RJF,60576,U,U
2016,RJF,60577,U,U
2016,RJF,60578,U,U
2016,RJF,60579,F,U
2016,RJF,60580,M,U
2016,RJF,60581,U,U
2016,RJF,60582,F,U
2016,RJF,60583,U,U
2016,RJF,60584,M,U
2016,RJF,60585,F,U
2016,RJF,60586,M,U
2016,RJF,60587,U,U
2016,RJF,60588,M,U
2016,RJF,60589,M,U
2016,RJF,60591,F,U
2016,RJF,60592,M,U
2016,RJF,60593,M,U
2016,RJF,60594,U,U
2016,RJF,60595,M,U
2016,RJF,60596,U,U
2016,RJF,60597,F,U
2016,RJF,60598,U,U
2016,RJF,60599,F,U
2016,RJF,60600,U,U
2016,RJF,60787,U,U
2016,RJF,60788,U,U
2016,RJF,60789,U,U
2016,RJF,60790,F,U
2016,RJF,60791,F,U
2016,RJF,60961,U,U
2016,RJF,60963,M,U
2016,RJF,60964,F,U
2016,RJF,60966,F,U
2016,RJF,60967,F,U
2016,RJF,60968,M,U
2016,RJF,60969,U,U
2016,RJF,60970,F,U
2016,RJF,60971,U,U
2016,RJF,60972,F,U
2016,RJF,60974,U,U
2016,RJF,60975,U,U
2016,RJF,60976,U,U
2016,RJF,60977,U,U
2016,RJF,60978,F,U
2016,RJF,60979,U,U
2016,RJF,60980,M,U
2016,RJF,60981,U,U
2016,RJF,60982,U,U
2016,RJF,60983,U,U
2016,RJF,60984,M,U
2016,RJF,60985,U,U
2016,RJF,60986,M,U
2016,RJF,60987,F,U
2016,RJF,60988,F,U
2016,RJF,60989,M,U
2016,RJF,60990,F,U
2016,RJF,60991,U,U
2016,RJF,60992,U,U
2016,RJF,60993,U,U
2016,RJF,60995,U,U
2016,RJF,60996,U,U
2016,RJF,60997,F,U
2016,RJF,60998,U,U
2016,RJF,60999,U,U
2016,RJF,61000,U,U
2016,RJF,63476,U,U
2016,RJF,63477,U,U
2016,RJF,63478,U,U
2016,RJF,63479,F,U
